position,name,description
1,Junk in the Trunk,Shake your booty to dislodge ping pong balls from a container tied to your backside.
2,Tallest Tower,Stack foam blocks as high as you can in the allotted time.
3,Speed Mölkky,Think cornhole mixed with bowling plus an umlaut.
4,Card Ninja,Embed playing cards into a halved watermelon with the power of your wrist.
5,Balloon Hustle,Choose a partner and then be the first to cross the finish line while holding a balloon between your foreheads.
6,Hidden Labyrinth,Complete a maze (on paper) with the fewest wall collisions.
7,Dizzy Dash,Spin round and round and then sprint through several checkpoints.
8,Try Not to Laugh,Don't spit water out of your mouth while listening to ridiculous audio tracks.
9,Banana Belt Bowling,Knock pins over using a banana that's dangling from your waist.
10,Cookie Monster,"Without using your hands, get OREOs from your forehead into your mouth."
11,Balloon Bobble,"Keep a balloon aloft, but you lose the use of a limb as time elapses."
12,Hot Potato Tag,"Tag where the ""it"" player is eliminated when time is up until only one remains."
