event,heat,red,yellow,blue,green
Balloon Bobble,1,Avery,Blake,Casey,Dakota
Balloon Bobble,2,Emerson,Finley,Gray,Harper
Hot Potato Tag,1,Indigo;Jordan;Kai,Logan;Morgan;Noel,Oakley;Parker;Quinn,Reese;Sage;Taylor
Cookie Monster,1,Uma,Val,Wren,Xander
Junk in the Trunk,1,Yael,Zion,Avery,Blake
Tallest Tower,1,Casey,Dakota,Emerson,Finley
Banana Belt Bowling,1,Gray,Harper,Indigo,Jordan
Try not to Laugh,1,Kai,Logan,Morgan,Noel
Dizzy Dash,1,Oakley,Parker,Quinn,Reese
Speed Mölkky,1,Sage,Taylor,Uma,Val
Hidden Labyrinth,1,Wren,Xander,Yael,Zion
Card Ninja,1,Avery,Blake,Casey,Dakota
Balloon Hustle,1,Emerson;Finley,Gray;Harper,Indigo;Jordan,Kai;Logan
